student_id,gender,attendance,study_hours,previous_score,assignment_score,midterm_score,final_score,performance
SP0001,Male,66.5,5.9,75.0,53.8,52.1,61.9,Average
SP0002,Male,59.2,4.7,55.8,37.1,62.3,48.5,Poor
SP0003,Female,72.4,6.4,76.2,36.1,40.1,49.2,Poor
SP0004,Female,85.9,8.0,98.3,59.1,68.5,76.6,Good
SP0005,Male,50.0,6.9,66.2,42.3,30.5,45.9,Poor
SP0006,Female,65.5,5.5,58.2,39.3,23.3,41.5,Poor
SP0007,Male,74.2,7.3,90.7,58.9,68.3,73.2,Good
SP0008,Female,76.0,6.0,74.6,52.9,58.3,60.2,Average
SP0009,Female,64.9,5.9,58.0,39.7,41.5,48.0,Poor
SP0010,Female,63.2,5.9,70.5,40.2,52.0,58.3,Average
SP0011,Female,60.7,6.7,56.7,45.4,72.4,63.7,Average
SP0012,Female,56.8,3.8,59.7,24.0,38.1,45.8,Poor
SP0013,Male,76.1,6.2,60.7,32.7,57.1,53.2,Average
SP0014,Female,54.7,5.0,28.2,32.6,22.6,36.6,Poor
SP0015,Male,70.9,5.1,28.0,32.7,35.4,36.4,Poor
SP0016,Female,62.1,9.1,43.8,44.4,44.5,47.4,Poor
SP0017,Female,54.3,5.9,40.1,26.5,33.9,30.8,Poor
SP0018,Female,55.8,5.5,71.0,41.6,65.7,62.3,Average
SP0019,Male,50.0,5.5,44.2,34.7,48.0,41.4,Poor
SP0020,Female,50.0,3.0,47.9,20.0,31.1,33.5,Poor
SP0021,Female,76.9,7.6,87.3,54.1,44.6,59.5,Average
SP0022,Female,68.7,5.2,45.9,46.3,42.8,50.3,Average
SP0023,Male,53.8,7.6,71.3,57.7,73.6,64.0,Average
SP0024,Male,64.6,4.5,50.1,27.8,31.7,36.0,Poor
SP0025,Male,58.9,5.8,48.9,45.3,52.3,51.8,Average
SP0026,Male,67.8,5.7,70.0,31.8,62.5,51.3,Average
SP0027,Female,72.0,7.5,40.9,42.1,42.9,46.1,Poor
SP0028,Male,75.4,6.4,71.4,42.8,46.3,49.2,Poor
SP0029,Female,60.2,8.1,45.9,45.1,22.9,38.8,Poor
SP0030,Male,57.1,7.1,46.3,42.3,52.1,50.5,Average
SP0031,Male,50.0,6.4,52.9,49.6,33.9,40.1,Poor
SP0032,Female,71.4,8.5,91.8,57.7,70.7,67.3,Average
SP0033,Female,64.2,6.9,61.6,50.4,38.0,51.7,Average
SP0034,Male,51.8,3.1,39.7,29.7,31.1,33.4,Poor
SP0035,Female,69.9,6.8,74.1,51.6,57.9,67.2,Average
SP0036,Female,59.3,6.3,48.8,33.8,39.4,49.7,Poor
SP0037,Male,65.5,6.5,67.8,41.3,41.0,48.8,Poor
SP0038,Female,50.0,3.0,37.1,24.0,35.7,35.8,Poor
SP0039,Female,59.4,5.1,39.7,32.0,29.2,40.1,Poor
SP0040,Female,70.7,8.6,77.3,52.0,39.1,56.2,Average
SP0041,Male,61.7,8.6,66.7,55.3,56.7,56.1,Average
SP0042,Female,78.3,6.5,71.5,52.5,52.9,60.4,Average
SP0043,Male,64.5,7.4,72.7,52.4,50.5,58.1,Average
SP0044,Male,64.3,5.7,64.3,34.5,57.5,51.8,Average
SP0045,Male,62.8,3.0,41.2,34.1,29.1,38.7,Poor
SP0046,Male,63.5,4.6,50.0,28.4,39.0,39.9,Poor
SP0047,Female,70.9,7.9,66.4,47.9,37.5,50.3,Average
SP0048,Female,74.6,7.0,69.5,59.3,68.0,66.5,Average
SP0049,Female,63.2,6.4,62.4,34.8,53.4,53.2,Average
SP0050,Male,58.3,4.5,35.4,28.6,26.0,31.0,Poor
SP0051,Male,58.8,9.0,79.8,48.6,36.9,58.3,Average
SP0052,Male,64.6,8.0,62.3,39.3,60.3,51.4,Average
SP0053,Female,61.7,8.5,47.1,52.4,33.8,47.3,Poor
SP0054,Male,68.0,6.8,71.7,46.4,50.0,56.0,Average
SP0055,Female,71.2,7.7,75.6,50.2,63.9,62.0,Average
SP0056,Female,56.5,5.4,73.3,52.1,44.1,52.2,Average
SP0057,Male,56.6,7.4,60.2,44.7,27.9,51.9,Average
SP0058,Female,64.9,4.7,49.4,39.3,25.0,38.3,Poor
SP0059,Male,69.3,7.0,82.8,57.1,59.8,72.3,Good
SP0060,Female,63.6,6.0,86.3,56.5,52.1,62.9,Average
SP0061,Female,73.3,5.3,66.5,24.5,70.9,56.4,Average
SP0062,Male,58.0,5.2,58.5,38.3,35.8,46.5,Poor
SP0063,Male,67.1,4.7,47.2,29.7,29.0,47.1,Poor
SP0064,Female,62.2,4.7,35.6,36.3,30.6,35.6,Poor
SP0065,Female,65.7,6.5,73.0,33.8,58.7,52.6,Average
SP0066,Male,88.3,8.6,89.3,77.7,63.0,74.3,Good
SP0067,Female,56.0,5.0,74.3,46.4,50.8,54.4,Average
SP0068,Female,79.4,7.6,71.2,56.5,52.8,57.3,Average
SP0069,Female,76.2,8.2,67.5,59.3,43.6,59.7,Average
SP0070,Male,56.8,5.2,54.1,54.6,24.3,49.7,Poor
SP0071,Female,79.3,5.9,59.3,53.7,33.7,52.7,Average
SP0072,Female,73.2,7.5,92.8,66.3,60.7,69.7,Average
SP0073,Male,68.1,7.8,58.7,48.1,48.0,53.0,Average
SP0074,Male,77.5,8.0,86.9,59.7,61.1,71.6,Good
SP0075,Female,50.0,3.4,22.1,20.0,30.7,26.5,Poor
SP0076,Male,77.4,7.7,71.0,48.3,70.8,71.1,Good
SP0077,Female,72.9,5.2,66.2,39.5,46.4,58.1,Average
SP0078,Male,50.2,6.9,58.8,34.2,28.5,42.9,Poor
SP0079,Male,77.0,7.0,63.4,46.5,47.2,55.8,Average
SP0080,Female,50.0,4.2,29.4,20.0,20.8,31.2,Poor
SP0081,Male,72.9,5.2,64.3,43.1,40.8,54.4,Average
SP0082,Female,77.2,5.7,83.6,47.0,46.9,56.5,Average
SP0083,Male,66.1,8.4,88.3,61.6,58.9,66.1,Average
SP0084,Female,59.6,7.4,65.2,38.9,41.2,46.3,Poor
SP0085,Male,52.3,4.9,41.8,58.0,32.2,45.7,Poor
SP0086,Male,61.3,6.5,58.7,50.9,45.9,54.8,Average
SP0087,Female,69.0,4.7,70.0,41.6,59.0,52.3,Average
SP0088,Male,74.2,6.0,58.1,49.1,44.6,52.0,Average
SP0089,Female,73.3,5.9,51.1,36.0,56.2,47.9,Poor
SP0090,Male,80.2,5.8,82.2,41.6,46.3,54.9,Average
SP0091,Female,62.1,5.4,74.1,35.3,33.6,49.2,Poor
SP0092,Male,70.1,6.5,81.5,56.5,62.0,62.8,Average
SP0093,Female,50.0,6.1,42.2,34.3,32.6,38.5,Poor
SP0094,Male,57.6,5.9,58.5,48.7,47.2,46.7,Poor
SP0095,Male,71.4,3.4,61.5,44.6,21.1,43.9,Poor
SP0096,Male,70.1,2.5,44.5,37.0,44.4,43.9,Poor
SP0097,Male,57.9,5.9,54.7,41.1,56.0,49.4,Poor
SP0098,Female,62.8,7.2,61.8,52.0,38.4,51.7,Average
SP0099,Male,65.8,3.1,64.6,44.9,31.8,46.7,Poor
SP0100,Female,66.8,5.6,65.8,38.9,61.2,53.5,Average
SP0101,Male,51.0,4.5,26.2,25.4,25.2,26.1,Poor
SP0102,Male,66.9,7.7,57.4,55.1,39.5,59.0,Average
SP0103,Female,60.2,5.6,61.0,42.9,23.8,41.9,Poor
SP0104,Female,61.1,6.1,59.8,42.7,37.6,47.9,Poor
SP0105,Male,69.4,6.4,68.1,38.3,46.1,55.8,Average
SP0106,Male,68.5,4.2,75.7,36.8,56.9,65.8,Average
SP0107,Male,73.8,9.0,86.9,60.8,57.8,64.8,Average
SP0108,Female,66.2,6.8,52.4,46.5,37.5,50.3,Average
SP0109,Female,66.8,7.2,65.7,41.2,56.5,54.3,Average
SP0110,Male,62.6,11.0,71.9,51.6,62.5,63.0,Average
SP0111,Female,52.4,2.2,47.4,20.0,20.0,28.0,Poor
SP0112,Female,78.6,8.4,70.3,40.3,62.9,58.4,Average
SP0113,Female,70.8,6.1,69.3,50.1,50.3,57.1,Average
SP0114,Female,75.6,8.5,98.0,69.2,80.9,75.2,Good
SP0115,Male,70.4,6.2,57.7,40.7,47.1,54.4,Average
SP0116,Male,65.1,6.2,68.5,40.4,28.7,47.5,Poor
SP0117,Male,75.2,5.7,77.8,36.8,47.9,56.4,Average
SP0118,Male,61.9,5.7,39.9,32.0,46.6,42.6,Poor
SP0119,Female,72.0,5.6,95.1,58.1,51.3,63.3,Average
SP0120,Female,74.1,8.0,73.7,60.5,55.5,65.2,Average
SP0121,Male,58.2,6.6,87.5,48.7,53.7,56.5,Average
SP0122,Male,51.5,4.2,40.1,26.5,20.0,30.8,Poor
SP0123,Male,64.9,7.1,90.7,59.8,77.4,69.4,Average
SP0124,Female,58.7,6.6,38.1,28.3,27.5,34.6,Poor
SP0125,Male,83.4,6.3,62.5,46.4,61.4,54.0,Average
SP0126,Female,95.9,8.6,96.7,74.4,73.4,85.5,Good
SP0127,Male,65.2,4.6,58.2,40.3,49.2,48.0,Poor
SP0128,Male,66.6,6.8,49.7,42.4,48.2,54.1,Average
SP0129,Female,52.2,7.3,54.5,38.6,46.9,51.7,Average
SP0130,Female,58.6,8.2,56.7,45.4,37.6,45.7,Poor
SP0131,Male,50.4,4.8,41.0,37.6,38.0,37.3,Poor
SP0132,Female,61.4,7.3,70.4,44.6,33.2,58.2,Average
SP0133,Female,58.3,5.6,56.7,44.8,43.2,54.2,Average
SP0134,Female,65.1,8.4,71.6,61.3,45.7,60.0,Average
SP0135,Male,50.0,4.7,66.1,46.9,47.6,51.4,Average
SP0136,Female,81.3,8.7,90.0,63.7,69.5,72.3,Good
SP0137,Male,52.7,5.5,50.5,41.6,44.8,47.7,Poor
SP0138,Female,66.0,6.0,47.3,52.0,46.4,49.1,Poor
SP0139,Male,87.5,7.2,75.1,56.4,44.8,55.6,Average
SP0140,Male,51.3,5.6,43.8,30.5,27.1,32.9,Poor
SP0141,Male,50.0,6.5,76.1,44.2,54.9,55.7,Average
SP0142,Female,71.6,7.8,88.3,59.9,64.9,66.0,Average
SP0143,Male,65.2,6.8,31.5,23.7,45.6,41.1,Poor
SP0144,Female,82.8,7.7,69.1,47.8,58.5,58.9,Average
SP0145,Female,57.7,7.7,74.3,57.1,43.0,54.8,Average
SP0146,Male,74.7,6.6,89.0,36.8,50.5,61.4,Average
SP0147,Female,54.9,4.2,53.5,42.6,34.6,44.2,Poor
SP0148,Male,57.2,6.4,51.3,42.3,20.0,40.7,Poor
SP0149,Female,90.3,7.9,73.3,48.7,74.3,71.9,Good
SP0150,Male,55.8,8.4,72.6,54.6,56.6,62.0,Average
SP0151,Female,69.5,5.9,78.8,46.7,62.3,65.8,Average
SP0152,Female,71.8,6.4,59.5,56.8,38.8,52.5,Average
SP0153,Female,70.6,3.8,52.0,42.7,51.7,49.1,Poor
SP0154,Female,68.2,6.1,62.3,37.0,71.2,54.5,Average
SP0155,Male,70.2,7.9,72.4,54.1,42.3,56.5,Average
SP0156,Female,58.6,5.2,64.1,36.2,47.0,52.0,Average
SP0157,Female,79.3,8.8,88.2,64.9,70.8,78.2,Good
SP0158,Female,66.1,6.6,53.0,44.5,39.7,51.9,Average
SP0159,Male,63.8,5.7,43.8,46.7,41.6,41.9,Poor
SP0160,Female,67.0,5.6,82.2,56.8,61.7,67.1,Average
SP0161,Female,63.2,5.6,54.7,30.9,33.5,37.3,Poor
SP0162,Female,70.5,3.5,80.2,38.2,63.9,60.9,Average
SP0163,Male,82.0,7.2,80.1,53.4,47.9,60.9,Average
SP0164,Female,60.7,3.7,42.5,37.6,24.2,39.5,Poor
SP0165,Male,57.6,8.7,83.6,58.4,60.5,61.4,Average
SP0166,Female,78.6,7.7,64.5,59.5,56.5,66.4,Average
SP0167,Male,63.7,7.7,94.8,59.6,51.2,60.8,Average
SP0168,Female,72.2,9.9,98.0,73.0,78.6,78.5,Good
SP0169,Female,59.8,5.0,56.7,43.5,49.0,47.1,Poor
SP0170,Male,72.5,7.8,48.8,31.5,52.7,45.6,Poor
SP0171,Female,50.0,6.7,50.9,37.1,37.9,44.2,Poor
SP0172,Male,86.2,5.4,50.8,44.5,49.0,58.8,Average
SP0173,Female,74.0,7.7,72.8,46.3,47.1,65.8,Average
SP0174,Female,69.8,5.4,71.6,50.2,70.0,63.1,Average
SP0175,Female,67.2,5.7,63.3,44.4,43.6,55.0,Average
SP0176,Female,73.2,6.4,92.5,45.0,76.6,69.7,Average
SP0177,Female,70.2,5.8,65.6,43.7,49.4,55.7,Average
SP0178,Male,79.9,6.4,93.0,59.5,51.9,65.3,Average
SP0179,Male,68.9,7.6,56.2,40.4,60.9,56.9,Average
SP0180,Female,78.7,7.9,97.9,62.5,71.9,76.8,Good
SP0181,Female,68.2,7.4,76.9,45.4,63.9,60.6,Average
SP0182,Female,59.6,4.9,37.0,43.9,49.6,46.0,Poor
SP0183,Female,58.0,3.3,65.1,29.8,37.6,43.0,Poor
SP0184,Male,78.0,7.2,82.6,60.7,50.9,67.1,Average
SP0185,Female,69.4,3.9,58.5,50.5,53.4,50.8,Average
SP0186,Male,50.0,7.0,66.9,51.6,53.8,55.6,Average
SP0187,Female,74.1,5.2,74.9,40.4,59.3,64.1,Average
SP0188,Male,67.1,8.7,64.6,33.6,32.0,51.7,Average
SP0189,Male,60.8,6.7,55.1,28.5,45.1,50.4,Average
SP0190,Male,53.8,5.2,43.8,21.4,26.4,34.5,Poor
SP0191,Male,72.3,7.5,62.4,53.0,62.2,62.4,Average
SP0192,Female,78.7,6.2,89.4,52.9,64.1,70.3,Good
SP0193,Male,61.1,7.2,72.8,51.0,53.4,63.2,Average
SP0194,Male,61.8,5.5,37.9,20.0,40.5,32.7,Poor
SP0195,Male,59.3,6.9,78.5,39.1,41.2,48.5,Poor
SP0196,Male,57.3,8.3,83.9,57.6,68.1,71.0,Good
SP0197,Male,55.7,6.5,77.0,40.2,57.6,55.7,Average
SP0198,Male,73.8,6.9,58.3,46.3,55.8,54.8,Average
SP0199,Female,74.0,4.5,67.8,46.9,62.8,55.2,Average
SP0200,Female,63.2,4.2,31.2,44.1,30.6,37.8,Poor
SP0201,Female,73.9,6.6,74.8,47.1,46.6,53.1,Average
SP0202,Male,73.5,7.0,69.0,51.4,56.3,66.7,Average
SP0203,Male,67.4,6.0,96.6,55.0,62.5,66.9,Average
SP0204,Female,75.8,10.2,74.6,76.5,61.0,72.0,Good
SP0205,Female,64.1,7.0,30.8,20.2,42.0,41.0,Poor
SP0206,Male,66.4,6.3,47.2,42.2,43.3,51.1,Average
SP0207,Male,78.6,6.9,56.9,49.5,47.2,58.3,Average
SP0208,Male,74.7,6.6,78.7,53.9,59.9,67.1,Average
SP0209,Male,71.9,5.7,56.2,43.9,61.5,54.3,Average
SP0210,Male,86.6,8.3,95.2,64.4,74.0,76.4,Good
SP0211,Female,69.2,7.2,56.9,56.2,66.0,63.9,Average
SP0212,Female,65.8,5.9,79.5,75.8,47.7,62.4,Average
SP0213,Female,70.4,7.7,92.5,60.8,64.1,69.9,Average
SP0214,Female,63.9,6.8,77.7,45.4,44.6,56.7,Average
SP0215,Female,58.7,3.8,53.4,35.9,32.0,43.6,Poor
SP0216,Female,69.4,6.1,76.1,48.0,50.4,52.5,Average
SP0217,Female,55.0,5.2,53.6,24.6,30.6,40.8,Poor
SP0218,Male,62.1,8.5,65.2,44.2,44.0,53.0,Average
SP0219,Male,50.0,6.6,46.8,46.8,40.6,48.4,Poor
SP0220,Male,68.2,4.9,71.0,34.9,55.9,56.3,Average
SP0221,Female,78.0,8.8,73.4,72.8,68.9,77.4,Good
SP0222,Female,50.0,2.9,32.0,28.1,20.0,33.4,Poor
SP0223,Male,75.4,8.3,71.4,48.7,69.2,69.5,Average
SP0224,Female,63.8,4.4,45.9,28.1,24.3,41.1,Poor
SP0225,Male,50.3,5.9,58.1,51.9,41.3,50.3,Average
SP0226,Female,66.4,9.0,70.1,63.4,66.1,67.3,Average
SP0227,Male,60.2,4.9,58.1,43.7,48.8,52.9,Average
SP0228,Male,52.0,3.8,50.4,30.9,44.0,44.2,Poor
SP0229,Male,68.3,5.1,53.6,38.0,45.7,47.5,Poor
SP0230,Male,68.5,8.3,70.6,50.2,50.1,60.1,Average
SP0231,Male,59.5,3.9,50.2,20.8,58.1,44.7,Poor
SP0232,Male,51.3,3.2,73.8,56.6,46.7,50.7,Average
SP0233,Female,71.4,5.9,61.5,46.1,48.4,57.8,Average
SP0234,Female,52.2,6.5,54.5,42.9,49.9,50.0,Average
SP0235,Male,78.5,9.6,100.0,66.2,75.0,85.0,Good
SP0236,Female,72.0,6.4,63.1,45.4,59.3,53.0,Average
SP0237,Female,64.7,4.1,20.0,23.9,50.3,36.5,Poor
SP0238,Male,56.6,8.0,74.1,38.1,48.8,54.2,Average
SP0239,Male,50.0,3.6,49.6,51.6,34.5,47.1,Poor
SP0240,Male,72.6,6.7,75.2,44.2,59.2,61.5,Average
SP0241,Male,75.6,5.9,46.9,30.8,52.4,50.0,Average
SP0242,Female,75.2,6.8,61.2,41.9,36.3,47.2,Poor
SP0243,Male,70.7,6.2,85.4,58.2,36.4,54.9,Average
SP0244,Female,67.3,7.2,84.4,53.8,52.7,63.2,Average
SP0245,Female,65.3,2.3,53.9,20.6,20.0,29.5,Poor
SP0246,Male,56.2,5.3,48.7,49.7,39.5,45.3,Poor
SP0247,Female,67.0,6.5,48.7,46.7,49.6,53.3,Average
SP0248,Male,66.1,4.6,32.5,41.0,33.0,37.5,Poor
SP0249,Female,85.1,8.1,85.0,67.5,57.0,75.3,Good
SP0250,Male,90.5,7.3,78.7,66.8,58.1,73.2,Good
SP0251,Female,61.6,4.9,50.2,48.0,43.0,43.5,Poor
SP0252,Female,67.4,7.4,77.0,49.6,43.5,54.3,Average
SP0253,Male,77.8,7.0,94.8,74.1,77.0,71.2,Good
SP0254,Female,58.0,7.1,75.0,57.6,65.4,61.3,Average
SP0255,Female,51.3,5.8,43.8,35.4,41.1,44.8,Poor
SP0256,Female,59.8,6.2,63.9,29.2,54.5,49.3,Poor
SP0257,Female,69.4,6.8,71.1,55.2,81.3,69.9,Average
SP0258,Female,63.0,6.0,56.8,33.2,38.6,41.1,Poor
SP0259,Male,62.1,7.7,79.1,56.8,55.0,64.6,Average
SP0260,Male,79.6,4.6,73.3,56.5,52.2,58.6,Average
SP0261,Female,60.4,7.0,56.7,24.1,40.6,44.5,Poor
SP0262,Male,65.6,5.9,86.6,44.0,61.7,61.3,Average
SP0263,Female,50.0,4.5,24.2,28.4,20.0,25.4,Poor
SP0264,Female,61.1,6.9,52.8,36.3,32.0,40.7,Poor
SP0265,Male,71.1,4.5,55.3,45.5,57.7,57.1,Average
SP0266,Male,51.6,4.4,47.7,34.5,42.5,43.5,Poor
SP0267,Female,70.5,7.5,93.2,62.9,62.5,73.1,Good
SP0268,Male,55.0,4.2,45.1,28.4,39.6,40.7,Poor
SP0269,Female,52.6,8.1,50.2,35.8,48.2,48.5,Poor
SP0270,Male,60.2,5.5,68.6,37.2,61.8,50.0,Average
SP0271,Female,70.8,7.0,98.3,63.1,64.2,70.3,Good
SP0272,Male,64.4,5.4,47.1,32.1,43.9,44.7,Poor
SP0273,Female,75.1,6.0,90.1,53.4,84.2,78.8,Good
SP0274,Male,67.6,5.9,63.3,41.7,54.2,56.5,Average
SP0275,Female,66.9,5.9,56.3,34.4,40.2,51.5,Average
SP0276,Male,67.7,6.4,74.2,56.5,60.0,64.2,Average
SP0277,Female,70.3,6.5,60.4,44.8,48.3,51.6,Average
SP0278,Female,61.6,5.2,58.5,29.2,63.1,51.9,Average
SP0279,Male,68.5,4.6,58.1,48.4,49.5,53.4,Average
SP0280,Male,59.0,6.4,54.2,40.7,42.1,45.0,Poor
SP0281,Male,50.0,8.6,68.2,49.8,42.8,52.4,Average
SP0282,Female,68.9,7.0,77.3,63.0,66.1,66.6,Average
SP0283,Female,86.9,8.1,79.3,60.8,76.3,78.6,Good
SP0284,Female,66.0,6.1,54.9,36.7,33.1,38.8,Poor
SP0285,Male,85.7,6.7,99.6,54.0,75.6,78.2,Good
SP0286,Male,64.2,6.7,30.1,28.2,20.0,31.5,Poor
SP0287,Female,65.8,6.5,50.4,48.5,49.5,48.2,Poor
SP0288,Male,71.1,8.9,72.7,43.1,62.2,65.6,Average
SP0289,Female,62.7,5.8,65.6,48.2,65.8,61.3,Average
SP0290,Male,59.7,8.0,56.6,43.3,37.5,52.8,Average
SP0291,Female,69.7,7.1,59.0,45.0,37.1,53.0,Average
SP0292,Male,72.7,6.6,41.5,48.8,37.8,54.4,Average
SP0293,Male,61.3,6.2,53.1,42.5,30.8,46.5,Poor
SP0294,Female,67.5,6.9,75.3,63.5,69.6,67.2,Average
SP0295,Female,68.1,8.2,75.4,44.0,68.7,64.8,Average
SP0296,Female,66.7,5.9,49.0,39.8,45.2,52.0,Average
SP0297,Male,59.8,4.8,91.9,51.0,65.3,61.4,Average
SP0298,Male,50.0,5.3,54.3,38.8,49.3,45.3,Poor
SP0299,Female,66.5,6.9,87.7,59.5,56.2,64.1,Average
SP0300,Female,60.0,7.3,72.6,68.2,51.9,55.9,Average
SP0301,Male,57.0,5.6,59.4,37.2,36.5,45.8,Poor
SP0302,Male,61.5,7.4,57.2,45.8,30.6,41.8,Poor
SP0303,Male,66.9,4.7,85.3,49.6,56.3,60.5,Average
SP0304,Female,81.3,7.1,71.1,46.4,57.3,63.7,Average
SP0305,Male,68.5,4.2,55.9,29.1,53.3,46.8,Poor
SP0306,Male,69.1,7.4,78.1,42.9,52.6,63.7,Average
SP0307,Male,78.6,7.4,83.3,47.6,62.2,60.8,Average
SP0308,Male,53.3,6.4,57.9,52.4,34.0,51.8,Average
SP0309,Male,77.6,5.9,83.1,48.3,55.8,64.0,Average
SP0310,Female,64.2,7.8,53.7,43.4,55.3,49.2,Poor
SP0311,Male,70.1,7.5,66.5,51.4,38.8,62.7,Average
SP0312,Female,64.0,8.1,76.8,49.1,61.5,62.2,Average
SP0313,Male,58.5,7.0,76.3,47.7,58.2,56.6,Average
SP0314,Female,77.4,7.8,77.8,54.6,53.3,59.1,Average
SP0315,Female,76.8,6.7,72.6,63.8,57.5,64.2,Average
SP0316,Female,58.9,7.4,59.1,50.5,51.5,54.5,Average
SP0317,Female,63.1,9.0,86.0,56.6,47.7,62.9,Average
SP0318,Male,73.1,7.4,67.4,44.8,51.7,56.4,Average
SP0319,Male,58.4,5.8,69.4,49.9,42.1,54.5,Average
SP0320,Female,78.4,6.7,65.0,46.1,59.7,58.6,Average
SP0321,Female,59.4,4.9,64.1,36.7,68.2,49.6,Poor
SP0322,Female,74.7,7.6,84.8,52.4,49.4,62.0,Average
SP0323,Female,58.5,6.2,51.1,30.8,45.2,38.3,Poor
SP0324,Female,82.8,6.0,96.9,61.8,62.6,72.1,Good
SP0325,Male,55.6,4.1,59.1,30.2,45.1,41.7,Poor
SP0326,Male,57.4,5.0,40.6,51.0,23.8,41.3,Poor
SP0327,Female,73.3,7.1,94.8,55.7,65.8,73.5,Good
SP0328,Female,62.7,5.7,64.6,41.0,47.0,48.6,Poor
SP0329,Male,75.7,7.4,87.4,51.1,55.5,67.6,Average
SP0330,Female,65.7,7.3,71.4,55.5,46.5,56.7,Average
SP0331,Male,64.1,6.2,62.9,56.7,55.8,63.5,Average
SP0332,Female,52.7,4.7,36.4,31.3,29.4,34.7,Poor
SP0333,Male,50.0,7.7,62.5,36.8,53.9,49.3,Poor
SP0334,Male,60.4,7.8,46.5,47.6,40.7,51.0,Average
SP0335,Female,91.2,6.7,74.8,44.2,61.0,62.3,Average
SP0336,Male,71.4,5.5,61.7,39.7,48.8,49.7,Poor
SP0337,Female,60.9,6.2,60.3,36.4,33.8,44.2,Poor
SP0338,Female,62.0,5.7,61.8,41.2,46.6,50.6,Average
SP0339,Female,68.7,6.6,73.7,53.9,67.2,68.2,Average
SP0340,Male,67.0,6.8,47.8,36.5,37.6,39.9,Poor
SP0341,Male,51.6,3.4,45.6,32.2,46.5,41.8,Poor
SP0342,Male,76.4,8.2,83.0,50.0,68.5,69.8,Average
SP0343,Female,73.2,6.7,62.8,48.9,45.4,55.5,Average
SP0344,Female,68.7,5.4,70.6,40.4,30.6,52.1,Average
SP0345,Female,66.7,5.9,56.0,43.8,47.1,51.0,Average
SP0346,Female,67.5,6.6,68.5,53.5,46.7,56.2,Average
SP0347,Female,62.7,3.0,51.8,31.1,48.3,46.3,Poor
SP0348,Female,62.3,6.9,54.1,37.7,36.8,46.7,Poor
SP0349,Male,58.9,5.8,53.3,27.4,33.6,40.1,Poor
SP0350,Female,60.1,6.7,58.7,44.4,36.3,49.9,Poor
SP0351,Male,68.7,7.8,69.2,53.4,63.8,61.2,Average
SP0352,Female,87.2,6.5,89.8,62.8,60.5,68.5,Average
SP0353,Female,61.2,7.7,85.0,49.5,58.0,60.8,Average
SP0354,Female,53.3,5.9,62.6,38.7,53.7,55.3,Average
SP0355,Male,67.2,7.4,69.7,42.7,45.9,45.0,Poor
SP0356,Male,60.4,2.9,63.1,35.6,34.6,44.6,Poor
SP0357,Male,67.3,6.3,67.8,52.3,48.8,56.7,Average
SP0358,Male,66.2,5.4,63.2,38.6,51.5,47.1,Poor
SP0359,Male,66.2,7.2,57.7,55.6,58.3,59.8,Average
SP0360,Female,73.0,6.2,31.5,39.1,40.5,45.8,Poor
SP0361,Female,56.3,6.0,75.9,48.2,52.4,58.2,Average
SP0362,Male,68.6,6.9,87.2,57.3,60.5,58.0,Average
SP0363,Male,64.5,6.2,59.3,49.4,34.3,53.4,Average
SP0364,Male,55.3,5.7,73.0,49.9,52.6,53.7,Average
SP0365,Female,68.7,8.0,74.9,69.4,74.6,73.7,Good
SP0366,Female,76.9,5.6,68.0,34.9,38.2,52.2,Average
SP0367,Female,67.5,3.1,69.1,45.9,40.4,47.5,Poor
SP0368,Male,67.9,6.0,59.2,41.1,41.2,51.6,Average
SP0369,Female,56.5,5.2,74.4,38.3,53.6,52.2,Average
SP0370,Female,56.4,3.7,51.7,34.8,41.5,36.8,Poor
SP0371,Male,63.1,4.9,69.6,44.3,45.6,55.7,Average
SP0372,Female,66.4,7.0,68.7,70.8,46.1,58.7,Average
SP0373,Male,85.0,9.3,81.6,60.4,69.3,70.1,Good
SP0374,Female,76.2,7.6,80.1,47.2,46.6,58.4,Average
SP0375,Male,69.1,7.5,95.1,65.4,70.2,73.9,Good
SP0376,Female,63.4,6.3,57.3,24.3,49.5,47.0,Poor
SP0377,Female,75.2,6.6,75.9,52.2,47.3,60.8,Average
SP0378,Female,76.2,5.7,53.1,45.9,37.6,45.5,Poor
SP0379,Female,90.6,6.8,91.5,68.0,85.5,78.0,Good
SP0380,Male,53.0,3.6,59.2,41.3,31.0,42.1,Poor
SP0381,Male,54.5,5.2,50.0,33.1,48.6,51.1,Average
SP0382,Male,52.3,6.1,54.0,38.9,39.9,45.1,Poor
SP0383,Male,51.4,4.4,41.0,20.0,23.9,35.0,Poor
SP0384,Female,66.6,5.4,51.4,31.6,47.2,46.9,Poor
SP0385,Male,69.3,4.6,41.3,38.6,32.6,40.5,Poor
SP0386,Female,66.3,7.3,66.0,39.0,52.8,54.1,Average
SP0387,Female,65.5,5.1,66.3,43.3,47.1,51.8,Average
SP0388,Female,78.5,9.0,85.4,57.8,59.1,70.3,Good
SP0389,Male,65.0,6.1,77.9,56.6,60.2,66.7,Average
SP0390,Female,79.3,5.0,60.3,51.1,41.8,54.5,Average
SP0391,Female,50.0,3.8,51.4,24.9,34.1,41.0,Poor
SP0392,Male,70.4,6.2,74.8,36.1,43.0,49.7,Poor
SP0393,Female,74.3,6.4,59.7,33.6,52.8,51.4,Average
SP0394,Female,77.0,8.7,89.7,64.0,77.9,73.9,Good
SP0395,Male,71.6,8.6,84.9,59.9,71.9,72.4,Good
SP0396,Female,60.3,6.6,53.9,38.7,41.5,46.4,Poor
SP0397,Male,54.3,3.5,32.5,25.5,20.0,32.1,Poor
SP0398,Male,85.1,7.2,80.6,60.3,82.7,72.0,Good
SP0399,Male,50.0,5.4,59.5,50.2,43.9,49.7,Poor
SP0400,Male,85.7,9.1,86.4,45.9,59.7,69.2,Average
SP0401,Male,50.0,3.5,59.9,25.3,32.6,32.3,Poor
SP0402,Male,60.3,6.9,50.3,42.7,53.9,58.1,Average
SP0403,Female,62.6,7.5,61.7,40.6,49.7,52.2,Average
SP0404,Female,71.0,8.6,65.2,61.2,64.4,59.4,Average
SP0405,Female,50.5,5.5,61.4,35.8,51.4,49.3,Poor
SP0406,Male,73.4,7.8,76.5,52.3,47.8,60.3,Average
SP0407,Male,75.8,8.2,59.3,43.1,37.0,51.7,Average
SP0408,Female,54.2,5.5,43.5,38.7,53.6,50.1,Average
SP0409,Male,68.2,4.7,47.7,30.9,24.0,40.9,Poor
SP0410,Male,63.8,4.6,68.7,43.9,49.9,54.0,Average
SP0411,Female,73.7,7.9,84.5,60.7,45.6,64.7,Average
SP0412,Male,59.4,3.1,35.6,28.8,29.7,34.4,Poor
SP0413,Female,51.7,4.6,20.0,24.1,28.3,35.4,Poor
SP0414,Female,77.6,8.1,88.7,64.9,61.1,66.2,Average
SP0415,Male,82.4,6.9,71.9,46.5,50.2,59.6,Average
SP0416,Male,60.0,6.2,45.1,35.3,31.3,41.6,Poor
SP0417,Female,81.1,8.1,80.4,61.7,88.0,79.3,Good
SP0418,Male,56.3,8.0,59.0,54.1,67.4,58.1,Average
SP0419,Male,65.4,6.3,83.6,71.6,49.0,59.1,Average
SP0420,Female,70.2,5.6,61.0,50.5,63.6,59.6,Average
SP0421,Male,89.9,7.3,99.0,71.3,68.1,78.5,Good
SP0422,Female,79.4,9.0,68.5,60.2,71.2,74.0,Good
SP0423,Female,62.0,7.3,54.4,37.5,46.7,45.8,Poor
SP0424,Male,71.8,7.8,70.6,55.9,54.4,65.1,Average
SP0425,Male,59.9,8.4,72.6,54.4,65.2,70.8,Good
SP0426,Male,79.0,6.2,81.2,48.8,64.2,63.6,Average
SP0427,Male,67.3,7.5,56.9,37.8,37.6,44.6,Poor
SP0428,Male,66.5,8.8,60.4,57.4,46.5,56.5,Average
SP0429,Female,68.6,8.2,81.2,59.3,53.1,64.2,Average
SP0430,Male,57.6,7.0,43.1,35.3,20.0,39.6,Poor
SP0431,Female,55.4,3.3,62.1,33.0,33.2,39.9,Poor
SP0432,Female,53.2,3.9,30.6,21.2,20.0,33.3,Poor
SP0433,Female,81.2,5.3,63.6,37.9,45.2,49.0,Poor
SP0434,Female,68.3,7.9,61.3,45.1,70.0,56.1,Average
SP0435,Male,72.1,6.5,68.4,70.4,74.4,73.2,Good
SP0436,Female,61.3,7.4,72.9,47.6,50.0,50.0,Average
SP0437,Female,81.7,9.5,89.4,61.9,69.0,73.6,Good
SP0438,Male,56.3,6.0,53.7,26.9,51.6,55.7,Average
SP0439,Male,50.6,5.2,28.5,50.0,34.7,40.5,Poor
SP0440,Female,76.2,5.2,68.3,35.6,45.7,48.7,Poor
SP0441,Male,79.7,5.7,85.7,44.5,40.9,57.1,Average
SP0442,Male,61.0,7.9,67.9,50.2,53.4,57.7,Average
SP0443,Male,50.0,5.5,36.2,31.1,34.5,37.9,Poor
SP0444,Male,73.5,6.3,63.7,51.2,43.6,56.9,Average
SP0445,Female,52.7,4.7,32.9,44.7,35.9,37.2,Poor
SP0446,Female,76.3,4.6,85.9,51.7,51.2,65.8,Average
SP0447,Female,52.4,5.4,65.6,39.5,47.5,50.3,Average
SP0448,Male,67.5,7.8,54.9,37.9,20.1,45.3,Poor
SP0449,Male,53.2,4.4,44.8,40.3,38.1,40.2,Poor
SP0450,Male,65.5,5.7,39.7,50.0,47.4,53.1,Average
SP0451,Male,65.7,7.6,75.5,36.8,44.2,53.0,Average
SP0452,Male,64.1,5.8,76.5,60.7,57.1,62.9,Average
SP0453,Female,56.8,5.7,61.8,37.4,31.2,41.5,Poor
SP0454,Male,74.5,8.0,71.9,57.8,60.1,61.7,Average
SP0455,Female,63.7,5.9,42.3,39.5,41.4,47.3,Poor
SP0456,Male,65.9,9.1,60.2,37.0,36.7,48.4,Poor
SP0457,Male,81.2,4.3,58.7,46.6,59.9,54.6,Average
SP0458,Male,50.0,6.7,55.1,41.8,46.1,46.5,Poor
SP0459,Female,75.6,5.7,56.9,46.5,39.3,53.0,Average
SP0460,Female,59.6,6.2,34.7,35.1,41.6,40.4,Poor
SP0461,Female,70.6,8.7,95.8,60.8,75.0,74.3,Good
SP0462,Male,55.6,5.6,83.1,33.5,52.7,53.9,Average
SP0463,Male,60.3,6.0,58.4,44.7,26.2,39.0,Poor
SP0464,Female,74.7,4.4,67.7,47.1,59.0,53.5,Average
SP0465,Male,64.3,7.0,71.9,38.6,43.4,53.5,Average
SP0466,Female,76.8,6.6,63.4,40.1,45.7,51.2,Average
SP0467,Male,58.1,7.7,75.9,49.1,78.7,69.4,Average
SP0468,Male,70.4,8.4,67.6,44.2,61.7,63.5,Average
SP0469,Male,52.8,6.4,58.9,35.2,38.8,47.6,Poor
SP0470,Male,65.5,6.1,64.6,32.2,23.6,48.4,Poor
SP0471,Female,71.4,5.1,54.2,38.2,58.4,52.6,Average
SP0472,Male,50.0,3.5,41.9,20.0,20.0,31.7,Poor
SP0473,Male,50.0,6.5,41.5,21.6,24.1,32.1,Poor
SP0474,Male,75.8,9.4,78.4,75.3,63.5,80.1,Good
SP0475,Male,79.4,7.6,97.7,69.5,80.1,85.1,Good
SP0476,Female,67.7,6.2,59.0,37.5,53.8,52.7,Average
SP0477,Female,79.3,5.8,79.7,51.1,54.1,62.8,Average
SP0478,Female,59.3,8.1,67.3,53.4,55.7,63.2,Average
SP0479,Female,83.4,9.0,94.5,74.1,67.4,77.2,Good
SP0480,Male,82.3,9.7,85.7,53.8,66.8,69.1,Average
SP0481,Female,51.0,5.2,65.4,50.1,44.9,53.7,Average
SP0482,Male,62.8,5.1,34.7,31.7,47.2,42.9,Poor
SP0483,Male,52.3,5.2,31.9,20.9,39.8,36.3,Poor
SP0484,Female,66.6,7.4,75.5,53.6,56.6,59.1,Average
SP0485,Male,64.2,5.5,52.6,46.8,37.7,42.6,Poor
SP0486,Female,53.6,4.1,39.5,48.3,38.3,43.6,Poor
SP0487,Male,56.7,6.9,44.4,32.4,41.6,46.4,Poor
SP0488,Female,59.8,6.3,40.1,41.2,28.6,40.4,Poor
SP0489,Female,67.4,6.8,74.1,57.0,61.3,67.5,Average
SP0490,Female,62.6,8.8,77.4,61.7,60.1,63.5,Average
SP0491,Female,71.4,7.8,60.1,37.1,59.7,53.3,Average
SP0492,Female,65.7,7.9,79.5,51.0,62.5,63.6,Average
SP0493,Male,71.8,6.6,65.6,40.9,40.0,51.4,Average
SP0494,Female,64.5,6.3,55.0,38.6,41.5,50.3,Average
SP0495,Male,61.3,6.7,100.0,53.9,63.5,65.0,Average
SP0496,Female,63.8,6.9,61.0,55.2,55.9,62.2,Average
SP0497,Female,69.3,2.9,58.7,38.7,44.3,53.4,Average
SP0498,Female,57.0,7.3,69.9,49.3,56.3,57.7,Average
SP0499,Male,57.0,3.7,45.6,45.4,31.3,45.2,Poor
SP0500,Male,61.4,7.0,45.9,37.8,31.1,39.8,Poor
SP0501,Female,77.8,6.8,75.2,45.1,50.3,62.0,Average
SP0502,Male,75.4,7.9,95.1,72.9,75.8,81.0,Good
SP0503,Male,52.8,4.4,56.1,26.6,45.2,45.6,Poor
SP0504,Male,80.8,6.6,78.3,56.7,53.8,63.5,Average
SP0505,Female,76.0,7.5,59.3,52.6,43.9,47.0,Poor
SP0506,Female,70.9,3.0,54.3,39.4,54.6,48.3,Poor
SP0507,Male,63.1,7.4,44.2,31.5,49.1,45.2,Poor
SP0508,Male,54.3,6.0,50.4,31.2,43.0,41.0,Poor
SP0509,Male,59.6,5.0,75.4,52.9,36.2,52.6,Average
SP0510,Female,65.2,4.4,40.3,34.3,45.2,42.4,Poor
SP0511,Female,71.0,8.7,60.6,51.6,46.7,54.5,Average
SP0512,Male,76.9,5.2,65.3,48.4,38.6,49.4,Poor
SP0513,Male,69.8,4.8,53.5,45.9,42.5,47.2,Poor
SP0514,Male,50.0,6.9,45.0,40.6,33.8,45.9,Poor
SP0515,Female,71.0,6.3,53.0,39.0,42.5,47.0,Poor
SP0516,Female,62.5,6.0,65.4,48.8,41.9,50.7,Average
SP0517,Male,65.9,7.1,64.7,56.5,63.0,60.4,Average
SP0518,Male,62.1,4.3,56.0,38.0,47.3,48.8,Poor
SP0519,Male,82.6,7.8,56.0,46.5,36.6,54.1,Average
SP0520,Female,95.4,8.3,63.5,62.0,71.3,61.7,Average
SP0521,Male,60.8,5.5,34.9,29.3,24.9,38.5,Poor
SP0522,Female,67.8,7.3,79.0,45.2,63.0,66.6,Average
SP0523,Female,66.3,7.9,53.5,36.8,44.3,46.6,Poor
SP0524,Male,76.5,6.9,69.8,44.0,56.6,56.2,Average
SP0525,Male,58.9,4.3,53.9,34.0,37.0,41.4,Poor
SP0526,Male,69.5,5.3,24.0,37.4,43.0,39.6,Poor
SP0527,Female,58.1,7.4,44.5,27.8,23.3,38.4,Poor
SP0528,Female,70.3,5.2,68.8,45.3,54.2,50.4,Average
SP0529,Female,72.9,6.2,65.6,42.6,62.1,55.1,Average
SP0530,Female,63.9,6.1,59.5,35.6,46.7,54.1,Average
SP0531,Male,76.5,6.9,65.6,40.8,77.9,61.1,Average
SP0532,Female,51.1,3.7,49.1,26.0,23.9,38.0,Poor
SP0533,Female,61.1,7.7,65.2,45.4,57.9,58.4,Average
SP0534,Male,50.0,8.1,44.1,41.7,36.9,39.1,Poor
SP0535,Female,65.6,6.0,55.1,40.9,53.8,54.1,Average
SP0536,Female,72.5,5.4,64.9,35.9,49.2,51.7,Average
SP0537,Female,64.5,3.8,61.9,41.9,34.5,44.7,Poor
SP0538,Female,77.1,6.4,50.6,43.6,59.0,56.4,Average
SP0539,Female,72.0,8.6,74.0,58.3,57.3,66.0,Average
SP0540,Female,67.9,6.5,64.6,40.7,31.6,50.3,Average
SP0541,Male,62.3,7.1,72.8,49.7,52.2,61.4,Average
SP0542,Male,56.1,4.7,55.3,35.0,41.0,45.7,Poor
SP0543,Female,74.7,5.6,86.5,51.9,66.7,62.0,Average
SP0544,Male,81.4,8.7,83.4,48.5,68.1,67.3,Average
SP0545,Male,50.0,5.3,33.4,20.0,35.0,42.9,Poor
SP0546,Male,60.6,3.8,43.8,33.1,25.8,39.2,Poor
SP0547,Male,57.3,8.8,79.7,55.5,51.9,68.4,Average
SP0548,Female,61.9,6.9,63.5,52.8,44.6,58.5,Average
SP0549,Female,75.3,8.4,74.4,46.0,55.2,62.0,Average
SP0550,Male,67.0,4.2,50.8,33.6,41.9,45.6,Poor
SP0551,Male,70.5,4.8,53.0,40.1,54.8,51.5,Average
SP0552,Male,65.5,6.1,66.7,38.0,43.2,45.5,Poor
SP0553,Female,73.1,8.1,66.0,55.1,63.9,63.9,Average
SP0554,Female,62.2,8.8,66.3,56.4,53.3,63.6,Average
SP0555,Male,73.6,7.6,77.6,42.6,46.4,55.7,Average
SP0556,Female,66.9,5.7,60.4,43.9,43.6,52.2,Average
SP0557,Female,67.0,4.7,73.3,26.9,41.5,50.4,Average
SP0558,Female,59.2,7.5,66.7,39.5,44.0,48.8,Poor
SP0559,Female,51.1,5.6,65.7,45.1,49.7,50.3,Average
SP0560,Male,72.3,8.0,58.9,56.0,48.8,54.9,Average
SP0561,Female,63.9,6.3,69.0,45.7,47.4,51.8,Average
SP0562,Male,71.1,10.1,82.3,52.0,83.7,69.8,Average
SP0563,Female,76.8,8.0,70.5,40.9,49.9,54.8,Average
SP0564,Female,60.9,5.9,55.6,42.1,38.3,51.4,Average
SP0565,Female,81.7,6.9,66.7,60.3,87.9,70.0,Good
SP0566,Female,68.5,5.6,59.3,43.4,35.5,48.7,Poor
SP0567,Male,59.2,5.1,32.4,27.8,20.0,31.1,Poor
SP0568,Female,50.0,5.6,36.5,44.0,43.3,47.0,Poor
SP0569,Female,64.5,4.0,40.2,22.5,20.0,36.6,Poor
SP0570,Female,66.0,5.9,65.5,48.0,43.2,55.5,Average
SP0571,Male,63.2,6.5,67.1,34.2,68.3,58.3,Average
SP0572,Male,77.2,5.4,87.6,51.3,50.7,60.9,Average
SP0573,Male,53.8,7.2,74.6,36.6,33.3,44.6,Poor
SP0574,Female,68.0,5.0,67.2,39.5,32.2,53.2,Average
SP0575,Female,62.7,5.8,79.9,51.0,63.4,59.7,Average
SP0576,Male,50.0,2.4,25.2,21.9,32.1,31.6,Poor
SP0577,Female,55.2,4.5,70.7,44.9,42.7,53.4,Average
SP0578,Female,79.5,5.5,86.1,43.9,63.1,62.0,Average
SP0579,Female,52.1,4.2,38.0,28.5,43.6,42.2,Poor
SP0580,Female,85.1,9.8,98.9,49.4,82.4,80.1,Good
SP0581,Female,63.7,6.1,65.9,57.2,49.2,62.1,Average
SP0582,Female,50.0,6.2,59.0,39.5,22.0,39.5,Poor
SP0583,Male,60.9,7.5,69.1,48.8,47.9,51.9,Average
SP0584,Female,87.9,8.4,96.8,76.0,68.9,77.7,Good
SP0585,Female,65.8,6.5,53.8,38.3,48.5,50.8,Average
SP0586,Female,63.1,5.2,64.4,37.7,47.7,50.6,Average
SP0587,Female,64.5,7.7,49.4,35.8,56.4,50.7,Average
SP0588,Female,64.9,7.8,53.3,40.0,54.4,47.5,Poor
SP0589,Male,79.9,5.1,85.4,53.3,55.5,64.7,Average
SP0590,Male,72.5,4.4,57.3,40.5,49.8,57.0,Average
SP0591,Male,63.6,6.1,47.1,63.5,52.2,57.0,Average
SP0592,Male,52.5,4.8,74.2,23.3,41.4,46.8,Poor
SP0593,Female,65.6,7.4,74.5,55.1,62.7,65.2,Average
SP0594,Female,70.1,5.8,63.8,43.3,52.6,55.9,Average
SP0595,Male,64.5,9.9,81.8,55.1,80.9,75.1,Good
SP0596,Male,55.3,7.4,58.8,38.3,31.1,46.3,Poor
SP0597,Female,67.1,6.4,55.6,36.8,42.2,47.4,Poor
SP0598,Male,59.7,6.8,51.9,49.7,38.7,46.6,Poor
SP0599,Female,63.6,7.3,53.5,48.9,49.8,52.7,Average
SP0600,Female,62.2,6.1,67.4,48.2,63.0,59.8,Average
SP0601,Female,68.7,6.1,70.9,60.6,55.7,60.5,Average
SP0602,Male,53.1,5.7,39.7,26.1,25.2,35.7,Poor
SP0603,Male,78.3,8.2,79.2,45.9,68.5,67.8,Average
SP0604,Female,82.4,7.8,90.0,43.4,72.2,71.9,Good
SP0605,Female,53.7,4.9,75.3,41.6,31.7,51.0,Average
SP0606,Male,69.8,7.1,99.7,63.0,67.3,72.5,Good
SP0607,Female,50.0,5.6,56.0,38.5,24.4,36.4,Poor
SP0608,Male,53.3,5.2,42.1,34.3,28.6,36.9,Poor
SP0609,Female,54.7,7.2,45.0,22.0,24.2,36.1,Poor
SP0610,Male,63.4,6.1,76.6,62.9,69.1,60.9,Average
SP0611,Female,62.6,7.6,67.6,54.2,57.0,64.1,Average
SP0612,Male,57.6,8.1,56.5,52.6,37.8,51.6,Average
SP0613,Male,69.3,9.4,77.8,38.9,63.6,63.7,Average
SP0614,Male,59.8,4.9,55.7,36.0,23.3,44.3,Poor
SP0615,Male,72.2,8.8,98.9,57.1,73.9,72.5,Good
SP0616,Female,68.2,7.2,75.5,44.8,44.2,57.5,Average
SP0617,Female,62.3,6.7,59.6,50.4,46.6,53.1,Average
SP0618,Male,68.2,6.9,78.7,52.7,61.1,62.7,Average
SP0619,Male,82.3,7.4,71.2,44.9,61.7,60.2,Average
SP0620,Female,78.1,3.6,75.1,43.0,61.6,64.0,Average
SP0621,Female,50.9,6.5,52.2,28.3,39.1,41.2,Poor
SP0622,Female,75.5,7.0,69.0,58.2,58.2,65.1,Average
SP0623,Male,83.8,7.8,97.6,61.5,66.4,68.3,Average
SP0624,Male,64.9,10.1,92.2,69.8,67.1,77.7,Good
SP0625,Female,82.1,7.0,83.6,55.7,70.5,73.1,Good
SP0626,Male,75.2,5.5,56.8,36.1,43.9,49.7,Poor
SP0627,Female,51.1,7.9,41.7,34.1,23.5,37.5,Poor
SP0628,Male,57.9,5.3,43.1,48.8,48.4,49.6,Poor
SP0629,Female,74.5,5.8,67.4,39.9,53.4,62.3,Average
SP0630,Male,74.7,7.2,86.3,60.1,55.1,60.7,Average
SP0631,Female,60.3,5.9,41.7,28.0,20.8,37.9,Poor
SP0632,Male,77.9,8.0,72.3,46.5,79.8,65.6,Average
SP0633,Female,68.2,4.7,59.8,37.5,50.4,50.5,Average
SP0634,Male,52.8,5.4,40.9,32.1,40.0,39.9,Poor
SP0635,Female,68.3,4.8,60.8,34.8,28.2,42.3,Poor
SP0636,Female,65.4,4.8,31.5,21.0,24.8,32.8,Poor
SP0637,Female,69.1,7.7,87.4,60.6,70.2,67.1,Average
SP0638,Female,66.1,7.0,73.7,46.2,51.7,60.6,Average
SP0639,Female,50.0,3.1,38.4,28.5,26.2,27.4,Poor
SP0640,Female,62.3,6.5,36.5,39.4,41.6,46.0,Poor
SP0641,Male,68.6,6.4,62.8,49.3,39.1,51.3,Average
SP0642,Female,75.5,9.6,83.3,63.8,82.9,73.3,Good
SP0643,Male,73.4,6.7,61.9,38.3,60.4,57.3,Average
SP0644,Male,54.3,6.4,38.6,20.5,29.6,30.5,Poor
SP0645,Male,69.0,6.7,47.1,39.0,42.0,47.8,Poor
SP0646,Male,56.2,7.8,43.1,40.9,23.3,36.5,Poor
SP0647,Female,50.0,4.6,26.8,21.4,20.0,29.4,Poor
SP0648,Female,64.3,6.2,59.7,42.2,36.0,45.3,Poor
SP0649,Female,66.4,8.9,57.1,52.0,51.3,55.8,Average
SP0650,Female,67.2,8.1,81.0,49.4,54.6,62.6,Average
SP0651,Male,76.0,8.8,100.0,63.8,58.0,69.8,Average
SP0652,Male,79.4,5.9,79.7,62.2,58.1,65.6,Average
SP0653,Male,60.9,4.6,58.2,42.8,48.3,45.3,Poor
SP0654,Male,50.0,5.8,52.4,34.9,40.8,45.7,Poor
SP0655,Male,92.0,8.4,84.1,60.6,56.3,75.0,Good
SP0656,Male,77.4,5.7,67.7,40.4,49.3,63.2,Average
SP0657,Female,55.7,6.6,69.6,39.8,35.5,48.6,Poor
SP0658,Female,71.4,8.3,70.1,44.2,60.1,63.1,Average
SP0659,Female,63.2,7.4,52.5,53.8,58.7,51.9,Average
SP0660,Female,67.2,4.9,56.7,40.4,38.1,51.5,Average
SP0661,Female,64.9,5.7,49.4,30.1,36.0,45.0,Poor
SP0662,Male,60.8,4.9,57.6,51.0,37.4,47.2,Poor
SP0663,Female,59.5,5.9,68.4,46.6,26.9,51.0,Average
SP0664,Female,57.2,5.4,68.8,29.5,44.7,46.9,Poor
SP0665,Male,54.4,5.2,50.3,34.6,37.0,40.9,Poor
SP0666,Male,60.0,5.0,62.6,44.9,56.2,55.2,Average
SP0667,Female,63.9,6.0,70.4,54.6,36.1,50.0,Average
SP0668,Male,69.3,7.1,89.9,51.1,58.4,67.7,Average
SP0669,Female,55.6,1.0,35.4,22.2,20.0,24.6,Poor
SP0670,Female,84.4,9.8,83.7,69.3,56.7,68.8,Average
SP0671,Male,68.8,8.8,74.4,54.8,53.0,59.4,Average
SP0672,Male,55.5,4.1,23.2,22.9,35.0,34.9,Poor
SP0673,Male,67.9,6.1,47.4,34.8,39.6,43.5,Poor
SP0674,Male,67.5,4.7,64.7,38.3,45.0,46.0,Poor
SP0675,Male,58.2,7.2,53.4,34.7,32.8,42.1,Poor
SP0676,Female,67.3,8.0,68.1,46.0,32.8,51.6,Average
SP0677,Male,63.2,5.6,55.1,42.6,36.2,43.1,Poor
SP0678,Female,66.6,9.2,100.0,58.8,73.7,71.0,Good
SP0679,Male,78.6,7.5,74.4,40.9,49.8,64.4,Average
SP0680,Female,80.7,5.9,74.8,54.9,69.4,63.9,Average
SP0681,Male,64.2,6.6,82.6,53.7,47.9,58.5,Average
SP0682,Male,59.5,5.5,51.4,36.4,32.5,41.5,Poor
SP0683,Female,68.3,5.4,58.0,37.2,48.3,48.9,Poor
SP0684,Female,67.3,6.6,75.4,50.6,47.9,59.6,Average
SP0685,Male,67.3,5.2,49.3,44.1,37.2,49.3,Poor
SP0686,Female,89.2,6.9,86.0,54.7,56.7,66.1,Average
SP0687,Male,58.3,6.2,71.8,40.5,46.7,48.7,Poor
SP0688,Male,52.7,4.8,63.7,36.4,20.4,43.7,Poor
SP0689,Male,72.7,6.2,82.4,49.7,39.8,56.6,Average
SP0690,Male,74.4,5.3,75.8,58.8,58.6,68.2,Average
SP0691,Female,62.0,7.2,55.9,42.3,55.5,47.0,Poor
SP0692,Male,84.6,4.9,88.4,52.5,52.3,63.9,Average
SP0693,Male,50.0,6.8,37.6,33.7,35.2,45.4,Poor
SP0694,Female,75.2,8.6,82.7,61.4,61.3,67.7,Average
SP0695,Female,64.7,6.6,64.3,64.3,60.7,61.7,Average
SP0696,Male,77.9,3.0,62.6,40.9,25.7,45.5,Poor
SP0697,Female,83.9,6.3,63.1,48.5,46.6,54.9,Average
SP0698,Male,52.4,5.2,50.7,33.5,31.3,39.2,Poor
SP0699,Female,67.1,6.0,78.6,35.7,63.4,57.7,Average
SP0700,Female,71.8,5.6,49.5,47.8,69.8,56.3,Average
SP0701,Female,59.8,7.8,60.5,44.1,43.1,55.2,Average
SP0702,Male,71.9,8.1,76.1,59.6,48.8,63.7,Average
SP0703,Male,62.0,4.7,61.5,32.0,43.7,47.4,Poor
SP0704,Male,50.0,3.2,43.9,26.2,42.1,40.6,Poor
SP0705,Male,56.5,4.6,44.8,26.9,32.5,37.0,Poor
SP0706,Male,64.1,6.7,66.4,58.0,46.4,54.6,Average
SP0707,Female,54.4,5.8,41.1,31.2,43.7,40.3,Poor
SP0708,Male,88.1,7.3,87.7,75.8,75.2,78.4,Good
SP0709,Male,50.0,5.1,40.6,29.2,20.0,30.0,Poor
SP0710,Female,82.7,10.2,100.0,56.1,74.8,75.9,Good
SP0711,Male,65.0,7.6,61.7,48.0,61.2,57.2,Average
SP0712,Female,63.2,6.3,72.2,39.8,58.3,63.0,Average
SP0713,Male,69.1,5.7,39.5,24.4,43.2,33.8,Poor
SP0714,Male,71.1,6.3,61.4,59.7,50.1,57.6,Average
SP0715,Male,70.3,7.8,56.8,52.1,62.1,65.2,Average
SP0716,Male,80.4,6.6,70.7,58.5,50.5,61.8,Average
SP0717,Female,64.0,6.6,54.0,47.8,54.0,56.3,Average
SP0718,Male,62.0,6.6,70.6,37.2,37.7,49.8,Poor
SP0719,Female,55.1,5.5,57.8,37.6,52.7,47.6,Poor
SP0720,Male,59.1,4.7,67.2,48.2,43.2,44.5,Poor
SP0721,Male,91.4,7.1,75.1,41.6,67.9,66.0,Average
SP0722,Female,65.7,4.8,41.5,20.0,36.1,35.7,Poor
SP0723,Male,50.0,5.8,50.0,31.7,22.8,34.7,Poor
SP0724,Female,59.9,6.4,75.6,50.5,67.7,60.9,Average
SP0725,Female,70.9,8.0,58.1,50.1,67.2,66.8,Average
SP0726,Female,69.3,5.2,70.7,47.1,54.4,64.2,Average
SP0727,Female,70.5,8.5,60.6,53.1,45.6,57.4,Average
SP0728,Male,66.0,4.6,62.7,47.3,47.3,50.9,Average
SP0729,Male,61.8,6.4,55.5,49.3,44.9,48.0,Poor
SP0730,Male,64.0,6.3,46.0,28.1,35.3,43.1,Poor
SP0731,Female,67.9,5.6,64.6,49.3,65.4,65.1,Average
SP0732,Female,50.0,6.0,53.1,41.1,38.7,44.3,Poor
SP0733,Male,66.6,8.3,73.9,42.9,30.8,44.5,Poor
SP0734,Female,50.0,2.2,32.3,20.0,29.4,31.6,Poor
SP0735,Male,73.6,7.9,76.5,50.9,58.1,66.0,Average
SP0736,Female,92.7,3.8,80.7,40.7,53.5,54.7,Average
SP0737,Male,70.5,5.5,72.8,51.4,47.7,57.4,Average
SP0738,Female,69.4,9.2,96.3,53.4,69.1,72.8,Good
SP0739,Female,83.4,7.2,99.4,54.3,77.7,75.1,Good
SP0740,Male,75.9,5.9,89.4,48.7,61.6,62.5,Average
SP0741,Male,58.3,4.5,26.3,35.1,26.0,37.4,Poor
SP0742,Male,63.2,7.7,51.9,36.8,38.3,45.8,Poor
SP0743,Male,78.7,3.6,55.2,34.7,42.2,42.7,Poor
SP0744,Male,57.1,5.2,61.0,43.0,39.3,41.5,Poor
SP0745,Female,72.9,8.7,74.1,62.1,62.7,71.1,Good
SP0746,Female,54.2,8.0,61.7,36.5,46.8,52.2,Average
SP0747,Female,71.6,6.4,71.8,56.1,65.5,64.4,Average
SP0748,Male,54.1,4.2,46.6,37.3,49.2,43.7,Poor
SP0749,Female,59.0,8.4,61.8,42.2,38.8,48.8,Poor
SP0750,Female,55.2,7.0,38.8,52.2,42.9,44.6,Poor
SP0751,Male,68.3,6.4,52.9,30.3,32.6,42.2,Poor
SP0752,Female,65.2,4.2,42.3,28.4,40.4,34.6,Poor
SP0753,Female,50.2,5.5,48.6,27.3,32.2,36.1,Poor
SP0754,Male,72.8,7.2,86.9,61.9,51.3,64.2,Average
SP0755,Male,54.6,5.9,42.4,48.6,40.7,47.8,Poor
SP0756,Male,67.9,9.9,100.0,78.8,47.5,72.3,Good
SP0757,Male,67.2,7.9,57.8,60.2,39.7,57.6,Average
SP0758,Female,64.6,5.3,63.0,43.8,47.6,56.0,Average
SP0759,Female,80.3,7.3,55.1,37.1,45.3,55.2,Average
SP0760,Female,73.7,7.4,80.2,40.9,54.4,61.2,Average
SP0761,Male,51.5,6.7,55.6,55.3,27.9,46.7,Poor
SP0762,Male,62.2,8.3,66.4,52.5,44.5,53.1,Average
SP0763,Female,86.2,6.9,98.3,59.2,74.2,77.6,Good
SP0764,Female,82.1,6.3,61.7,53.7,55.7,65.1,Average
SP0765,Male,60.2,6.8,93.4,48.6,58.9,64.2,Average
SP0766,Female,50.0,3.9,61.2,38.6,47.8,52.7,Average
SP0767,Female,80.8,6.8,71.5,44.5,55.0,55.1,Average
SP0768,Male,79.7,11.0,83.8,71.3,65.9,72.0,Good
SP0769,Male,55.3,3.6,55.0,35.5,35.9,44.5,Poor
SP0770,Female,81.2,8.0,89.8,52.5,57.0,67.8,Average
SP0771,Male,50.0,7.8,67.6,53.8,53.8,61.1,Average
SP0772,Male,62.7,6.0,59.4,47.5,53.1,54.0,Average
SP0773,Male,72.4,6.8,70.2,51.0,62.4,59.4,Average
SP0774,Male,79.2,5.7,84.8,57.7,71.6,68.9,Average
SP0775,Female,61.6,7.2,65.8,44.4,52.3,50.6,Average
SP0776,Female,57.3,4.1,55.2,28.8,43.0,39.8,Poor
SP0777,Male,54.2,3.1,46.9,30.0,35.1,41.0,Poor
SP0778,Female,66.6,7.6,63.0,50.3,61.6,62.6,Average
SP0779,Female,58.4,7.5,70.2,46.6,48.4,56.3,Average
SP0780,Female,66.5,7.0,69.7,56.2,61.8,57.2,Average
SP0781,Male,59.1,6.8,74.5,55.0,63.4,61.1,Average
SP0782,Male,63.2,6.5,35.1,39.3,35.0,38.6,Poor
SP0783,Female,75.1,7.0,82.3,51.3,56.6,66.9,Average
SP0784,Female,67.8,8.0,74.3,45.8,68.4,61.9,Average
SP0785,Male,69.7,6.5,68.6,50.1,53.6,54.9,Average
SP0786,Male,60.9,8.9,78.8,54.3,49.2,60.7,Average
SP0787,Male,68.6,7.5,84.0,51.5,77.6,67.6,Average
SP0788,Female,68.4,7.0,67.2,47.4,50.1,60.9,Average
SP0789,Female,86.5,4.8,58.0,35.5,51.0,50.5,Average
SP0790,Male,50.0,5.2,38.3,20.0,40.7,32.5,Poor
SP0791,Male,80.3,5.8,62.0,43.3,48.9,48.3,Poor
SP0792,Female,75.2,5.8,82.7,47.5,42.5,57.2,Average
SP0793,Female,69.9,5.7,64.5,37.1,53.6,51.8,Average
SP0794,Male,72.4,4.0,52.5,31.3,20.0,34.2,Poor
SP0795,Female,62.5,8.0,50.5,52.1,38.2,54.2,Average
SP0796,Female,75.4,8.9,72.9,64.9,65.2,71.1,Good
SP0797,Male,65.3,8.7,64.4,60.0,48.9,59.5,Average
SP0798,Female,79.9,5.5,81.5,52.4,42.3,62.8,Average
SP0799,Male,74.9,6.5,63.9,53.9,65.1,64.4,Average
SP0800,Female,61.2,4.9,75.0,38.3,47.8,49.7,Poor
SP0801,Female,61.1,6.4,87.2,48.6,69.7,61.9,Average
SP0802,Female,61.3,4.8,64.6,20.0,39.5,45.4,Poor
SP0803,Female,60.2,8.0,62.8,56.8,43.1,56.6,Average
SP0804,Male,62.7,5.5,49.4,51.0,45.8,50.9,Average
SP0805,Female,73.3,7.3,53.6,39.2,45.4,48.7,Poor
SP0806,Female,60.5,6.8,61.9,41.6,35.4,50.0,Average
SP0807,Male,67.0,9.4,72.7,46.4,68.1,62.2,Average
SP0808,Female,63.6,4.2,40.4,40.8,36.2,41.9,Poor
SP0809,Female,80.3,9.0,83.8,67.5,49.1,72.3,Good
SP0810,Male,50.0,7.0,52.8,26.7,51.3,44.0,Poor
SP0811,Female,60.0,5.1,60.0,44.7,40.4,43.8,Poor
SP0812,Female,65.1,7.2,68.7,41.0,40.5,48.7,Poor
SP0813,Male,84.3,8.1,90.1,60.6,51.0,70.8,Good
SP0814,Female,63.2,6.3,78.4,50.0,66.0,63.5,Average
SP0815,Male,57.2,6.3,78.7,52.4,45.3,55.9,Average
SP0816,Male,62.0,4.2,50.2,29.1,33.0,38.5,Poor
SP0817,Male,62.5,9.1,82.1,50.1,62.4,66.1,Average
SP0818,Female,61.8,7.2,88.8,60.7,61.2,64.0,Average
SP0819,Female,61.5,7.4,57.5,50.5,49.8,55.4,Average
SP0820,Male,70.9,6.4,79.0,55.7,44.1,56.7,Average
SP0821,Male,58.1,5.0,54.5,30.1,34.3,38.9,Poor
SP0822,Female,56.8,9.0,90.1,58.2,65.2,66.2,Average
SP0823,Male,85.2,6.6,100.0,68.4,63.1,73.2,Good
SP0824,Female,74.0,5.6,52.8,41.4,47.9,50.9,Average
SP0825,Female,68.5,6.0,58.9,45.7,51.1,54.5,Average
SP0826,Female,65.6,7.8,70.6,71.8,72.4,59.1,Average
SP0827,Female,73.9,7.6,100.0,67.5,54.9,68.3,Average
SP0828,Male,62.8,6.4,53.1,41.7,63.7,53.7,Average
SP0829,Female,68.3,6.9,59.1,39.1,53.2,58.1,Average
SP0830,Female,69.7,7.0,58.3,26.1,47.8,45.6,Poor
SP0831,Female,52.1,4.0,54.0,29.5,41.8,42.4,Poor
SP0832,Male,61.1,5.2,28.5,33.7,59.9,50.1,Average
SP0833,Female,63.6,6.9,49.8,40.5,27.3,39.6,Poor
SP0834,Male,73.0,6.8,52.6,38.5,41.7,50.5,Average
SP0835,Male,71.4,4.7,60.9,40.3,26.1,42.3,Poor
SP0836,Male,73.7,7.0,82.3,35.7,54.8,57.2,Average
SP0837,Female,76.0,5.4,81.2,50.1,66.6,62.2,Average
SP0838,Female,71.3,5.6,56.2,39.3,39.6,46.1,Poor
SP0839,Female,75.2,9.6,82.6,70.3,57.3,78.7,Good
SP0840,Female,57.8,5.1,71.9,41.0,25.9,47.9,Poor
SP0841,Male,76.9,5.4,58.9,45.7,52.4,58.3,Average
SP0842,Female,75.6,7.9,69.3,59.8,71.5,69.7,Average
SP0843,Male,55.7,3.5,56.9,26.1,28.6,32.9,Poor
SP0844,Female,64.5,6.0,74.1,50.5,55.8,60.0,Average
SP0845,Female,69.4,7.3,55.1,42.9,38.1,52.9,Average
SP0846,Female,72.7,6.1,68.1,55.0,58.3,58.3,Average
SP0847,Female,69.3,6.4,72.4,48.8,48.6,59.9,Average
SP0848,Male,80.5,9.1,100.0,68.0,65.6,78.5,Good
SP0849,Male,75.8,6.3,50.0,34.5,37.8,52.1,Average
SP0850,Female,71.4,6.2,33.7,45.6,41.3,45.2,Poor
SP0851,Male,63.8,5.4,59.8,53.3,45.4,49.7,Poor
SP0852,Male,70.2,6.3,46.9,33.6,32.8,42.3,Poor
SP0853,Male,53.9,5.7,39.3,36.7,37.1,45.3,Poor
SP0854,Female,76.3,8.0,60.2,59.2,62.9,58.3,Average
SP0855,Male,89.0,7.1,92.8,63.6,56.3,64.4,Average
SP0856,Male,60.8,5.7,57.5,35.7,58.5,52.1,Average
SP0857,Female,54.2,4.5,50.7,20.0,29.9,34.7,Poor
SP0858,Female,63.6,6.8,83.2,59.4,47.4,60.9,Average
SP0859,Male,54.0,4.9,61.8,43.9,31.7,47.9,Poor
SP0860,Male,63.5,5.6,87.4,37.2,69.6,60.2,Average
SP0861,Male,64.3,6.9,56.9,43.5,56.2,48.9,Poor
SP0862,Male,50.0,5.3,42.0,42.2,23.3,44.0,Poor
SP0863,Male,75.4,8.7,75.3,71.7,77.1,71.7,Good
SP0864,Female,84.0,7.5,90.1,68.4,71.1,72.1,Good
SP0865,Female,55.1,6.3,53.8,38.9,44.1,50.5,Average
SP0866,Female,75.8,6.7,64.2,43.2,44.3,52.7,Average
SP0867,Male,71.8,7.2,69.7,48.0,46.7,56.5,Average
SP0868,Female,76.3,5.7,75.0,55.0,55.8,63.1,Average
SP0869,Male,64.7,7.2,80.5,45.9,50.9,61.8,Average
SP0870,Female,84.8,8.6,100.0,59.5,88.9,80.4,Good
SP0871,Female,56.2,6.2,59.8,50.7,34.4,53.1,Average
SP0872,Male,68.3,3.2,45.5,33.7,52.2,39.7,Poor
SP0873,Female,59.1,5.4,46.3,42.1,33.4,45.4,Poor
SP0874,Male,66.0,8.4,47.6,37.6,47.6,47.6,Poor
SP0875,Female,56.4,5.9,76.4,43.9,54.2,60.0,Average
SP0876,Male,69.6,7.1,89.7,54.7,60.9,66.7,Average
SP0877,Male,67.7,6.4,52.7,41.1,52.5,50.0,Average
SP0878,Female,59.8,7.0,64.6,37.7,26.5,47.1,Poor
SP0879,Male,69.6,7.8,70.5,43.9,44.7,58.1,Average
SP0880,Female,62.2,6.0,81.6,44.5,50.4,58.8,Average
SP0881,Male,84.8,9.1,89.9,70.8,61.9,71.5,Good
SP0882,Female,53.0,6.6,70.4,46.3,40.7,49.9,Poor
SP0883,Female,67.5,5.8,50.8,28.3,47.7,46.5,Poor
SP0884,Female,77.3,7.7,80.9,65.3,68.1,70.8,Good
SP0885,Male,64.5,8.2,80.4,71.2,59.3,70.4,Good
SP0886,Male,81.7,9.1,79.6,65.0,65.3,65.6,Average
SP0887,Male,71.6,5.6,77.6,44.5,57.5,60.3,Average
SP0888,Male,59.5,7.1,51.2,63.2,46.8,54.1,Average
SP0889,Female,61.5,6.9,80.4,41.7,62.7,57.8,Average
SP0890,Female,57.0,7.5,73.9,56.3,66.0,61.2,Average
SP0891,Female,73.7,7.2,82.8,54.6,58.9,64.3,Average
SP0892,Female,56.5,6.7,81.5,59.4,44.5,47.8,Poor
SP0893,Female,73.2,8.8,87.9,60.3,56.8,65.9,Average
SP0894,Female,70.9,7.4,84.5,53.0,56.6,61.3,Average
SP0895,Male,79.7,6.3,83.9,49.9,60.6,66.2,Average
SP0896,Female,67.5,6.5,70.1,48.5,57.7,56.6,Average
SP0897,Female,62.4,6.5,74.3,37.1,53.6,54.3,Average
SP0898,Female,72.7,8.0,61.6,49.3,52.9,62.7,Average
SP0899,Male,75.9,8.2,74.8,54.1,63.7,68.8,Average
SP0900,Male,63.6,4.6,58.1,25.5,40.5,46.2,Poor
SP0901,Male,72.0,9.7,64.2,62.1,52.6,61.5,Average
SP0902,Female,51.4,6.4,51.5,38.6,35.0,45.1,Poor
SP0903,Female,72.2,8.0,53.9,39.1,36.4,48.3,Poor
SP0904,Male,78.6,7.4,80.3,56.2,57.4,64.7,Average
SP0905,Female,59.0,7.2,67.2,48.6,55.0,58.2,Average
SP0906,Male,64.3,7.4,67.6,35.0,44.1,49.5,Poor
SP0907,Male,57.5,6.6,52.2,36.8,33.7,48.4,Poor
SP0908,Male,69.4,8.3,80.4,47.0,62.8,63.5,Average
SP0909,Female,72.5,8.0,73.2,65.1,62.5,69.1,Average
SP0910,Female,89.5,7.8,93.4,67.6,62.6,78.7,Good
SP0911,Male,72.8,5.4,64.5,38.5,55.1,57.6,Average
SP0912,Female,56.8,7.0,78.5,42.8,60.5,54.7,Average
SP0913,Male,72.5,7.7,69.8,48.6,43.7,57.8,Average
SP0914,Female,86.1,7.6,84.9,64.5,60.3,73.0,Good
SP0915,Female,68.5,7.6,55.6,46.2,60.8,60.2,Average
SP0916,Female,76.4,8.4,57.6,49.1,54.2,55.2,Average
SP0917,Male,85.7,5.8,79.4,49.9,36.8,55.1,Average
SP0918,Female,75.3,5.6,72.4,41.5,38.6,55.4,Average
SP0919,Female,65.3,5.8,62.9,38.4,42.0,47.1,Poor
SP0920,Male,75.5,6.9,66.9,33.1,42.4,50.6,Average
SP0921,Female,73.6,6.7,92.4,61.5,56.5,72.2,Good
SP0922,Male,60.0,7.1,45.7,40.0,40.1,45.9,Poor
SP0923,Female,64.0,7.0,74.6,41.9,63.9,57.8,Average
SP0924,Male,74.3,5.8,54.2,52.0,40.7,49.4,Poor
SP0925,Female,66.6,5.8,78.1,54.9,68.9,65.8,Average
SP0926,Female,69.1,3.5,46.9,21.2,45.2,37.5,Poor
SP0927,Male,66.6,6.2,59.9,46.4,56.8,55.0,Average
SP0928,Male,57.1,4.2,73.5,47.9,51.1,55.1,Average
SP0929,Male,78.3,9.0,89.1,64.9,50.5,72.3,Good
SP0930,Male,50.0,6.2,63.7,41.5,50.0,52.8,Average
SP0931,Male,67.7,9.8,75.8,49.0,57.9,61.0,Average
SP0932,Female,84.4,10.9,100.0,65.8,73.4,83.7,Good
SP0933,Male,52.6,4.9,49.1,35.0,47.9,44.0,Poor
SP0934,Male,53.8,4.3,32.9,20.0,32.7,29.3,Poor
SP0935,Female,84.3,8.0,79.7,48.3,62.8,65.7,Average
SP0936,Male,58.9,8.0,61.6,55.7,55.2,62.6,Average
SP0937,Female,51.4,3.5,49.9,27.2,37.2,39.1,Poor
SP0938,Female,82.1,4.9,73.2,44.7,33.6,52.3,Average
SP0939,Female,83.2,5.9,68.0,43.5,48.8,61.4,Average
SP0940,Female,62.6,6.6,31.2,32.5,54.5,41.3,Poor
SP0941,Female,66.4,5.8,47.5,20.0,29.6,34.3,Poor
SP0942,Male,82.0,8.5,74.2,54.1,59.8,60.8,Average
SP0943,Male,64.0,5.5,87.5,50.3,44.1,58.6,Average
SP0944,Male,61.5,3.5,63.7,39.8,60.1,53.4,Average
SP0945,Female,86.9,9.1,83.2,63.6,87.2,83.9,Good
SP0946,Male,73.1,4.4,48.5,33.8,30.2,42.6,Poor
SP0947,Female,61.3,2.6,33.7,34.2,31.4,34.9,Poor
SP0948,Female,54.8,6.0,58.4,37.7,34.6,44.7,Poor
SP0949,Female,81.6,7.3,66.6,42.3,57.6,59.9,Average
SP0950,Female,63.2,6.5,76.3,45.5,55.6,53.2,Average
SP0951,Male,61.9,5.6,55.1,46.2,52.6,60.4,Average
SP0952,Female,70.9,6.5,70.6,58.3,56.1,63.1,Average
SP0953,Female,70.9,4.8,35.3,28.2,63.0,48.3,Poor
SP0954,Male,81.5,6.1,92.3,57.5,54.8,68.4,Average
SP0955,Male,68.8,5.5,67.9,45.7,32.3,51.7,Average
SP0956,Female,76.4,8.0,85.7,50.0,59.1,65.1,Average
SP0957,Female,68.4,7.1,70.2,49.4,39.3,52.5,Average
SP0958,Female,73.2,7.0,75.2,39.8,41.6,56.1,Average
SP0959,Female,50.0,5.7,86.4,36.6,42.0,52.4,Average
SP0960,Female,66.3,6.6,69.4,51.9,45.1,53.4,Average
SP0961,Female,71.8,4.4,75.8,45.0,44.7,58.5,Average
SP0962,Male,64.8,7.8,76.2,59.8,67.2,67.5,Average
SP0963,Male,70.3,8.3,61.0,49.7,49.2,59.0,Average
SP0964,Male,68.6,5.3,76.4,42.7,52.9,60.7,Average
SP0965,Female,79.5,5.6,72.5,43.1,57.4,59.2,Average
SP0966,Female,87.2,8.1,84.6,51.1,60.4,68.6,Average
SP0967,Female,58.2,7.3,53.0,50.9,40.5,52.7,Average
SP0968,Male,75.6,7.5,88.8,52.4,71.3,67.7,Average
SP0969,Female,65.2,5.5,60.1,42.3,30.0,46.1,Poor
SP0970,Female,53.8,2.7,45.9,20.7,20.0,31.1,Poor
SP0971,Female,68.3,6.6,54.9,50.7,53.9,52.7,Average
SP0972,Female,55.8,8.2,65.0,40.1,48.0,59.6,Average
SP0973,Male,62.0,7.5,72.3,50.3,75.9,61.1,Average
SP0974,Female,67.1,5.8,61.0,45.0,44.1,47.7,Poor
SP0975,Male,68.4,6.4,48.1,41.9,52.8,55.5,Average
SP0976,Male,50.0,4.7,42.0,30.8,25.9,37.4,Poor
SP0977,Male,70.4,5.0,63.6,32.6,46.7,46.5,Poor
SP0978,Female,50.0,5.2,31.7,20.0,38.4,36.5,Poor
SP0979,Female,58.5,5.2,33.3,31.2,20.0,38.0,Poor
SP0980,Female,77.1,7.1,78.4,50.4,62.2,64.3,Average
SP0981,Female,70.4,5.9,67.3,55.5,75.4,73.2,Good
SP0982,Female,72.2,8.3,69.4,51.2,58.7,56.9,Average
SP0983,Female,56.1,6.3,58.7,38.7,53.6,53.2,Average
SP0984,Male,64.1,5.7,70.7,32.5,41.9,52.7,Average
SP0985,Male,64.3,7.6,65.1,60.3,49.9,61.7,Average
SP0986,Male,53.1,4.8,39.8,32.2,35.1,37.9,Poor
SP0987,Male,73.6,6.8,92.7,63.2,44.3,63.5,Average
SP0988,Male,58.9,6.3,78.3,46.6,45.3,56.3,Average
SP0989,Male,60.7,4.1,43.1,42.2,33.7,44.2,Poor
SP0990,Male,63.9,7.0,71.7,37.4,57.1,58.0,Average
SP0991,Female,65.2,4.4,67.9,47.2,56.3,58.8,Average
SP0992,Male,51.8,3.1,44.0,21.1,27.5,29.6,Poor
SP0993,Male,64.0,3.7,52.5,39.5,50.7,47.6,Poor
SP0994,Male,65.7,5.7,29.4,43.6,40.6,40.7,Poor
SP0995,Female,67.0,5.3,52.2,26.8,49.7,45.4,Poor
SP0996,Male,59.1,5.8,63.1,37.3,44.9,52.2,Average
SP0997,Male,67.2,6.8,78.4,64.0,66.4,67.7,Average
SP0998,Female,61.5,5.6,66.8,64.1,50.8,66.3,Average
SP0999,Male,58.7,6.4,78.5,39.7,49.0,55.0,Average
SP1000,Male,66.6,6.3,71.1,54.1,50.4,58.3,Average
